id,name,department,salary
1,David Jackson,Human Resources,50870
2,John Jackson,Digital Marketing,85047
3,James Taylor,Sales,91804
4,Michael Brown,Digital Marketing,72451
5,Alice Brown,Finance,62248
6,Bob Garcia,Digital Marketing,57605
7,Emma Brown,Engineering,98379
8,Emily Jones,Finance,51476
9,Olivia Johnson,Human Resources,81075
10,John Martinez,Engineering,77292
11,Bob Jones,Human Resources,30700
12,Sarah Jackson,Digital Marketing,67422
13,Sarah Taylor,Human Resources,65197
14,Emily Miller,Engineering,68818
15,Bob Jackson,Digital Marketing,71915
16,John Martinez,Digital Marketing,87485
17,Sarah Davis,Human Resources,54495
18,David Taylor,Engineering,82381
19,Emily Garcia,Digital Marketing,82174
20,Bob Johnson,Digital Marketing,64240
21,David Smith,Sales,91146
22,Bob Jones,Finance,42483
23,Sarah Jackson,Human Resources,74354
24,Olivia Taylor,Finance,97947
25,Bob Jackson,Finance,78433
26,David Johnson,Human Resources,98214
27,Alice Smith,Engineering,57156
28,James Davis,Human Resources,49579
29,Alice Davis,Digital Marketing,90313
30,Emma Martinez,Digital Marketing,73543
31,David Brown,Human Resources,79155
32,Alice Jackson,Engineering,42628
33,Alice Davis,Sales,34612
34,Olivia Jones,Human Resources,71950
35,Michael Jones,Human Resources,53676
36,Emma Martinez,Finance,51916
37,Emily Taylor,Digital Marketing,65381
38,James Taylor,Sales,86009
39,Emily Martinez,Digital Marketing,98256
40,Michael Smith,Digital Marketing,85901
41,Emily Smith,Engineering,64240
42,Emily Taylor,Sales,32254
43,Sarah Jackson,Digital Marketing,80120
44,Bob Brown,Human Resources,88952
45,John Johnson,Sales,48129
46,David Jones,Sales,73844
47,Alice Jones,Digital Marketing,85061
48,Olivia Smith,Sales,51930
49,James Davis,Human Resources,36724
50,Emma Miller,Human Resources,48920
51,David Martinez,Digital Marketing,60052
52,James Smith,Finance,91536
53,Emma Miller,Digital Marketing,67776
54,Olivia Taylor,Finance,59829
55,Olivia Taylor,Human Resources,55418
56,Emma Jackson,Human Resources,51578
57,Alice Miller,Human Resources,65184
58,Emily Jones,Finance,55815
59,Emma Brown,Finance,86698
60,Emily Jones,Digital Marketing,83558
61,David Brown,Finance,43758
62,Sarah Smith,Sales,51534
63,Emma Garcia,Engineering,34692
64,Emma Brown,Finance,32954
65,Bob Taylor,Digital Marketing,69967
66,David Miller,Finance,39492
67,Bob Miller,Finance,72827
68,Emily Garcia,Sales,77389
69,John Taylor,Human Resources,61581
70,Bob Davis,Finance,69784
71,Olivia Jackson,Engineering,32296
72,Michael Smith,Finance,80347
73,James Miller,Human Resources,85736
74,Olivia Taylor,Finance,93401
75,John Brown,Human Resources,73793
76,Sarah Johnson,Digital Marketing,38178
77,Alice Smith,Human Resources,30437
78,John Davis,Finance,34883
79,James Garcia,Engineering,40729
80,John Jones,Engineering,63710
81,Sarah Jackson,Sales,79821
82,Olivia Smith,Human Resources,59809
83,Emily Johnson,Sales,34371
84,James Jones,Engineering,51955
85,Michael Jones,Finance,37931
86,John Davis,Sales,79851
87,Michael Taylor,Finance,88571
88,John Garcia,Engineering,81793
89,Alice Jackson,Human Resources,77944
90,James Martinez,Human Resources,97243
91,Michael Jones,Engineering,59082
92,Michael Brown,Finance,74073
93,James Taylor,Finance,40941
94,James Miller,Sales,36142
95,John Garcia,Human Resources,67991
96,Michael Smith,Finance,38976
97,Sarah Miller,Engineering,61206
98,Bob Jones,Human Resources,78464
99,Sarah Jackson,Engineering,78169
100,Bob Taylor,Engineering,61605
101,James Jackson,Human Resources,36039
102,Emma Smith,Sales,99486
103,Sarah Smith,Sales,98138
104,Michael Johnson,Finance,89141
105,Michael Brown,Sales,77517
106,Emily Jones,Finance,91403
107,David Garcia,Digital Marketing,97099
108,Bob Jones,Human Resources,45196
109,Michael Garcia,Finance,66060
110,Emma Taylor,Human Resources,53545
111,David Martinez,Finance,90881
112,Alice Garcia,Digital Marketing,59053
113,Olivia Miller,Human Resources,90518
114,Sarah Brown,Human Resources,57031
115,Emma Brown,Digital Marketing,66346
116,Sarah Jones,Human Resources,99562
117,Michael Taylor,Finance,96492
118,David Smith,Engineering,83528
119,Emily Davis,Human Resources,82188
120,Sarah Garcia,Finance,92474
121,Sarah Davis,Digital Marketing,96458
122,James Martinez,Digital Marketing,46537
123,James Davis,Digital Marketing,72254
124,Emma Martinez,Human Resources,80373
125,Sarah Johnson,Digital Marketing,74276
126,David Jackson,Engineering,71577
127,Bob Martinez,Engineering,69129
128,Sarah Smith,Finance,42572
129,David Miller,Human Resources,85084
130,Emily Smith,Human Resources,78566
131,Michael Taylor,Digital Marketing,57670
132,Olivia Miller,Human Resources,49152
133,James Jones,Finance,31047
134,David Jackson,Human Resources,52530
135,Alice Smith,Digital Marketing,50880
136,David Garcia,Human Resources,67364
137,Michael Jones,Sales,63088
138,Emily Davis,Digital Marketing,58353
139,Emma Jackson,Digital Marketing,84778
140,Sarah Jones,Finance,66821
141,Emily Davis,Human Resources,91480
142,Alice Martinez,Engineering,97297
143,Bob Jackson,Engineering,88636
144,John Martinez,Finance,92830
145,David Taylor,Human Resources,48889
146,Bob Miller,Digital Marketing,70846
147,Emily Garcia,Sales,57670
148,Olivia Davis,Digital Marketing,64919
149,David Garcia,Digital Marketing,63653
150,Emily Jones,Human Resources,93768
151,Emily Jones,Human Resources,85217
152,John Davis,Engineering,48095
153,John Martinez,Digital Marketing,99708
154,John Taylor,Engineering,41569
155,Olivia Smith,Human Resources,47168
156,John Jackson,Finance,87750
157,Sarah Miller,Digital Marketing,99704
158,Olivia Davis,Human Resources,41169
159,Emma Miller,Sales,96560
160,James Jones,Finance,67381
161,Bob Garcia,Engineering,87304
162,Emma Brown,Digital Marketing,79465
163,Bob Jackson,Sales,97039
164,Bob Miller,Finance,43727
165,Michael Taylor,Sales,97966
166,Sarah Brown,Digital Marketing,50500
167,Olivia Smith,Human Resources,95634
168,Emma Davis,Digital Marketing,88483
169,John Martinez,Finance,63577
170,Bob Brown,Engineering,35694
171,Alice Jones,Finance,82972
172,Michael Brown,Finance,60226
173,Alice Martinez,Sales,66198
174,David Garcia,Human Resources,60978
175,John Jackson,Engineering,46357
176,John Davis,Finance,61959
177,Michael Davis,Digital Marketing,40258
178,Emma Brown,Digital Marketing,58945
179,Sarah Jackson,Sales,75429
180,Olivia Johnson,Sales,79665
181,Sarah Jones,Digital Marketing,37968
182,Emily Smith,Human Resources,30027
183,Emily Davis,Finance,58619
184,James Jackson,Engineering,57275
185,David Jackson,Digital Marketing,83366
186,David Johnson,Sales,68190
187,Bob Martinez,Digital Marketing,45268
188,John Garcia,Human Resources,54135
189,Sarah Brown,Human Resources,71218
190,Michael Jones,Human Resources,64015
191,David Martinez,Sales,43301
192,Alice Garcia,Human Resources,90617
193,Olivia Martinez,Engineering,95508
194,Emily Smith,Digital Marketing,73692
195,John Miller,Engineering,66503
196,Bob Brown,Finance,44089
197,Emma Miller,Digital Marketing,51337
198,David Miller,Sales,88907
199,Emily Smith,Human Resources,35187
200,Michael Brown,Digital Marketing,70072
201,Emma Jackson,Engineering,79223
202,Emily Davis,Digital Marketing,62414
203,James Smith,Engineering,33731
204,Olivia Taylor,Finance,56561
205,James Miller,Human Resources,69425
206,Michael Taylor,Engineering,71553
207,David Miller,Finance,38861
208,Alice Brown,Finance,99399
209,Alice Garcia,Digital Marketing,75200
210,Bob Jones,Sales,79645
211,Michael Brown,Human Resources,52134
212,Sarah Johnson,Digital Marketing,65415
213,John Taylor,Engineering,72631
214,Emma Taylor,Human Resources,58060
215,James Smith,Human Resources,79269
216,John Jackson,Digital Marketing,55815
217,James Garcia,Sales,47212
218,Olivia Davis,Finance,31380
219,Emily Johnson,Human Resources,72975
220,Emily Taylor,Engineering,81031
221,Alice Miller,Sales,43769
222,Emma Jones,Digital Marketing,35656
223,Bob Jackson,Human Resources,36364
224,Michael Davis,Human Resources,37040
225,Emma Smith,Human Resources,38468
226,Emily Jones,Finance,74182
227,Emily Garcia,Engineering,34104
228,Alice Jackson,Finance,64039
229,Alice Brown,Digital Marketing,61404
230,Olivia Jones,Digital Marketing,78009
231,Bob Taylor,Human Resources,74981
232,David Jones,Sales,50896
233,David Martinez,Human Resources,41144
234,David Davis,Finance,70541
235,Sarah Jackson,Human Resources,96807
236,David Johnson,Digital Marketing,93254
237,James Garcia,Sales,38124
238,Bob Garcia,Digital Marketing,35013
239,David Jones,Sales,83924
240,Alice Garcia,Finance,70277
241,Bob Taylor,Digital Marketing,61690
242,Alice Smith,Digital Marketing,99404
243,James Jackson,Sales,64947
244,David Garcia,Finance,95917
245,Alice Jones,Digital Marketing,39064
246,Olivia Martinez,Digital Marketing,76965
247,Michael Brown,Finance,51937
248,Alice Garcia,Human Resources,40799
249,Michael Jones,Finance,86094
250,Emily Miller,Human Resources,76982
251,Alice Jackson,Engineering,94556
252,Michael Garcia,Digital Marketing,78769
253,Michael Miller,Engineering,92401
254,James Smith,Finance,35271
255,Michael Smith,Sales,57258
256,James Smith,Digital Marketing,79147
257,Bob Davis,Finance,46350
258,John Martinez,Digital Marketing,95839
259,Olivia Taylor,Sales,40053
260,James Jones,Engineering,94555
261,James Brown,Engineering,54706
262,John Jones,Digital Marketing,92029
263,David Taylor,Engineering,37256
264,Emily Martinez,Finance,81240
265,Sarah Jackson,Finance,41195
266,Olivia Jones,Engineering,30618
267,Michael Davis,Digital Marketing,52516
268,James Jackson,Engineering,81139
269,Emily Taylor,Sales,91276
270,Michael Brown,Digital Marketing,63557
271,David Smith,Digital Marketing,49002
272,Bob Miller,Engineering,32065
273,James Smith,Digital Marketing,69716
274,David Smith,Digital Marketing,92501
275,Alice Miller,Engineering,46254
276,James Jones,Engineering,71346
277,Alice Martinez,Digital Marketing,69689
278,Sarah Garcia,Digital Marketing,58386
279,James Johnson,Finance,56703
280,Sarah Smith,Sales,79028
281,Sarah Johnson,Finance,66008
282,John Davis,Engineering,50414
283,Olivia Martinez,Digital Marketing,85285
284,Bob Johnson,Human Resources,66900
285,Sarah Taylor,Sales,47573
286,Michael Davis,Human Resources,52047
287,Olivia Taylor,Engineering,64928
288,Michael Garcia,Sales,74647
289,John Smith,Finance,56393
290,Michael Taylor,Digital Marketing,30346
291,Emily Davis,Engineering,58388
292,James Davis,Sales,92442
293,Sarah Martinez,Human Resources,86048
294,John Johnson,Digital Marketing,63491
295,Emma Jackson,Human Resources,92520
296,Alice Miller,Finance,41323
297,James Garcia,Human Resources,77244
298,Michael Jackson,Digital Marketing,32896
299,Olivia Jones,Engineering,61123
300,Emma Jackson,Digital Marketing,62159
301,Emily Smith,Human Resources,82231
302,Emma Smith,Human Resources,61163
303,Emma Martinez,Digital Marketing,46354
304,Emma Garcia,Digital Marketing,49382
305,Alice Jackson,Engineering,76150
306,Olivia Jackson,Digital Marketing,62070
307,John Jackson,Engineering,80467
308,Bob Jones,Finance,91003
309,David Jackson,Finance,53938
310,John Martinez,Digital Marketing,41136
311,Olivia Garcia,Sales,57429
312,Emma Jones,Digital Marketing,54631
313,John Johnson,Digital Marketing,68280
314,Olivia Brown,Human Resources,52718
315,Michael Garcia,Human Resources,68615
316,Emily Smith,Human Resources,52966
317,Emma Miller,Human Resources,40789
318,Alice Davis,Sales,59650
319,John Jackson,Engineering,74925
320,Alice Taylor,Engineering,87197
321,James Johnson,Finance,39952
322,John Johnson,Finance,72343
323,David Garcia,Digital Marketing,61869
324,Emily Smith,Human Resources,93010
325,Sarah Jackson,Digital Marketing,99649
326,Emma Taylor,Human Resources,91891
327,Sarah Davis,Human Resources,47205
328,David Miller,Human Resources,39205
329,Sarah Davis,Engineering,90608
330,David Taylor,Human Resources,93350
331,David Taylor,Engineering,34060
332,Alice Jones,Human Resources,52189
333,James Johnson,Digital Marketing,80547
334,John Davis,Human Resources,70216
335,Bob Garcia,Sales,35150
336,Bob Smith,Sales,34703
337,Emily Martinez,Sales,64451
338,Bob Jones,Human Resources,94380
339,David Smith,Engineering,82963
340,James Davis,Engineering,96279
341,Alice Smith,Engineering,42655
342,Alice Jackson,Sales,60945
343,Emily Johnson,Sales,91593
344,John Jones,Sales,52110
345,David Taylor,Sales,41342
346,John Jackson,Digital Marketing,70906
347,Emily Jackson,Human Resources,75028
348,James Johnson,Digital Marketing,42344
349,Emma Johnson,Sales,96404
350,James Martinez,Sales,33141
351,Alice Martinez,Finance,89624
352,Emma Jones,Finance,44431
353,James Miller,Engineering,94371
354,Olivia Johnson,Engineering,58835
355,Bob Johnson,Human Resources,43097
356,Michael Jackson,Engineering,41149
357,Alice Jones,Finance,73532
358,David Garcia,Human Resources,85604
359,Michael Miller,Human Resources,71619
360,James Davis,Sales,36779
361,David Garcia,Sales,99697
362,Emily Taylor,Engineering,35117
363,John Johnson,Human Resources,60883
364,Michael Garcia,Finance,91954
365,David Martinez,Engineering,33008
366,Sarah Martinez,Sales,42478
367,Bob Jones,Digital Marketing,44958
368,Michael Smith,Sales,35594
369,Emily Johnson,Human Resources,39300
370,Olivia Brown,Human Resources,75266
371,Michael Davis,Engineering,58516
372,David Taylor,Finance,43593
373,Bob Davis,Digital Marketing,76542
374,Bob Miller,Sales,92355
375,James Taylor,Digital Marketing,80398
376,Alice Miller,Digital Marketing,72317
377,Emma Miller,Engineering,38423
378,Alice Davis,Finance,33453
379,David Taylor,Digital Marketing,84612
380,David Martinez,Sales,67564
381,Michael Miller,Sales,78876
382,Emily Smith,Digital Marketing,62109
383,Bob Martinez,Digital Marketing,90113
384,Alice Jones,Finance,94085
385,David Miller,Sales,64623
386,Alice Jones,Engineering,66709
387,Michael Miller,Finance,41048
388,David Brown,Digital Marketing,47520
389,James Miller,Finance,85278
390,Emma Garcia,Engineering,81106
391,Michael Miller,Finance,75184
392,Bob Jackson,Engineering,90098
393,David Jackson,Human Resources,66109
394,David Johnson,Human Resources,54268
395,David Martinez,Engineering,92130
396,Sarah Johnson,Digital Marketing,65537
397,John Davis,Sales,59766
398,John Brown,Human Resources,77355
399,Bob Garcia,Digital Marketing,68701
400,Sarah Martinez,Finance,64877
401,Emily Brown,Sales,59814
402,Olivia Jackson,Finance,97926
403,Emily Davis,Human Resources,42671
404,Emily Taylor,Finance,54939
405,James Smith,Finance,82976
406,Emma Garcia,Digital Marketing,45250
407,Emma Smith,Human Resources,64003
408,Emma Jackson,Engineering,90095
409,Olivia Davis,Human Resources,40664
410,Emily Jackson,Human Resources,74177
411,Emily Jackson,Finance,45354
412,David Jones,Digital Marketing,47607
413,David Jackson,Finance,92955
414,John Taylor,Sales,97835
415,Olivia Jackson,Human Resources,74780
416,Emma Martinez,Digital Marketing,69599
417,Olivia Davis,Digital Marketing,79791
418,Alice Garcia,Human Resources,35657
419,James Smith,Engineering,81638
420,Alice Smith,Human Resources,69089
421,Michael Taylor,Digital Marketing,95872
422,Sarah Brown,Finance,49185
423,John Taylor,Finance,45715
424,Michael Davis,Digital Marketing,97791
425,David Martinez,Finance,73675
426,Olivia Taylor,Finance,79614
427,Sarah Miller,Finance,40580
428,Sarah Brown,Sales,41856
429,Alice Taylor,Sales,48874
430,Emily Jackson,Human Resources,35282
431,James Jones,Digital Marketing,93414
432,David Taylor,Sales,62461
433,Michael Jones,Sales,82541
434,David Garcia,Finance,98803
435,Alice Brown,Finance,69624
436,James Davis,Human Resources,69482
437,Bob Garcia,Sales,30150
438,Emily Brown,Engineering,32157
439,Emily Jackson,Digital Marketing,99204
440,Emma Brown,Finance,32685
441,Emma Davis,Sales,37531
442,Emily Martinez,Sales,38260
443,Emma Martinez,Digital Marketing,71421
444,David Martinez,Engineering,37767
445,Michael Miller,Human Resources,77411
446,Bob Brown,Finance,98056
447,Sarah Johnson,Sales,40653
448,Emily Davis,Engineering,38671
449,James Martinez,Digital Marketing,66044
450,Emma Miller,Finance,47324
451,Emma Davis,Finance,95592
452,Bob Jones,Sales,49918
453,Michael Smith,Digital Marketing,88969
454,James Martinez,Engineering,98768
455,Olivia Johnson,Engineering,30358
456,John Jones,Human Resources,87091
457,David Smith,Finance,36978
458,Sarah Davis,Digital Marketing,69015
459,Bob Martinez,Sales,90607
460,Alice Jones,Engineering,54503
461,Bob Miller,Digital Marketing,32971
462,Michael Brown,Sales,52486
463,Emma Taylor,Human Resources,45629
464,Sarah Taylor,Finance,64973
465,Bob Taylor,Sales,96316
466,David Martinez,Finance,94050
467,Bob Johnson,Sales,82257
468,David Smith,Sales,88408
469,Bob Jackson,Finance,51180
470,Olivia Taylor,Finance,32043
471,John Davis,Engineering,71150
472,John Smith,Digital Marketing,57916
473,John Davis,Engineering,77210
474,Sarah Martinez,Sales,85590
475,Emily Taylor,Digital Marketing,58728
476,Alice Jackson,Sales,78410
477,David Jones,Digital Marketing,89828
478,Michael Martinez,Sales,78739
479,Olivia Smith,Engineering,67688
480,David Taylor,Human Resources,80494
481,Olivia Jackson,Sales,34750
482,John Garcia,Engineering,56599
483,James Brown,Digital Marketing,37682
484,John Taylor,Digital Marketing,67097
485,Bob Garcia,Digital Marketing,40139
486,Sarah Jackson,Sales,34759
487,Michael Taylor,Finance,44323
488,John Brown,Sales,70614
489,Emily Jackson,Digital Marketing,73117
490,David Davis,Digital Marketing,72708
491,David Taylor,Sales,75115
492,Alice Johnson,Finance,33757
493,John Davis,Human Resources,74365
494,Bob Garcia,Engineering,94911
495,James Smith,Engineering,84861
496,Emily Taylor,Finance,87040
497,James Miller,Engineering,73619
498,John Smith,Finance,56747
499,Michael Jackson,Human Resources,64332
500,Alice Martinez,Finance,47074
501,Emily Smith,Finance,83920
502,Olivia Jackson,Digital Marketing,42519
503,Sarah Garcia,Sales,56423
504,Emily Taylor,Sales,39092
505,Michael Johnson,Engineering,84588
506,Emma Jackson,Engineering,32176
507,Bob Davis,Sales,40788
508,Sarah Jones,Engineering,42402
509,Olivia Brown,Finance,99786
510,Alice Johnson,Sales,80179
511,John Smith,Digital Marketing,37377
512,Olivia Taylor,Sales,32670
513,Olivia Jackson,Sales,60855
514,Emma Jones,Engineering,34278
515,David Jackson,Engineering,95137
516,Olivia Taylor,Finance,69114
517,Sarah Jones,Finance,94799
518,Sarah Johnson,Digital Marketing,69155
519,James Davis,Sales,83159
520,John Jones,Digital Marketing,34809
521,Emily Jones,Digital Marketing,38595
522,John Garcia,Finance,99071
523,Alice Taylor,Engineering,40296
524,Emma Jackson,Engineering,31040
525,John Taylor,Sales,85231
526,James Johnson,Human Resources,63521
527,Emma Johnson,Digital Marketing,90324
528,Michael Johnson,Digital Marketing,42548
529,John Smith,Sales,60036
530,David Jones,Finance,93911
531,John Garcia,Sales,52158
532,Sarah Miller,Digital Marketing,70400
533,Alice Smith,Digital Marketing,33441
534,Emily Jackson,Human Resources,33888
535,Sarah Jones,Sales,89355
536,Bob Davis,Digital Marketing,56697
537,Olivia Jones,Finance,97346
538,Emma Jackson,Human Resources,62158
539,Olivia Johnson,Engineering,87800
540,James Garcia,Digital Marketing,33328
541,Emma Martinez,Sales,46083
542,Bob Jones,Finance,82282
543,Sarah Garcia,Sales,91647
544,Emma Jones,Human Resources,41969
545,Sarah Johnson,Digital Marketing,91530
546,Sarah Jackson,Sales,72962
547,Alice Jackson,Finance,68212
548,Sarah Jones,Sales,81234
549,James Brown,Digital Marketing,36902
550,Alice Martinez,Digital Marketing,67541
551,Emily Jackson,Human Resources,70144
552,Olivia Miller,Sales,59466
553,Bob Davis,Finance,86482
554,Sarah Miller,Sales,41460
555,James Smith,Finance,95002
556,Bob Smith,Finance,70380
557,Michael Martinez,Digital Marketing,94027
558,Bob Miller,Engineering,79572
559,Bob Miller,Engineering,41985
560,Olivia Martinez,Engineering,63212
561,Emily Martinez,Digital Marketing,38042
562,James Jackson,Sales,40195
563,Emily Davis,Human Resources,39209
564,David Taylor,Engineering,61497
565,Emily Jones,Engineering,52405
566,Alice Jones,Human Resources,90800
567,Alice Martinez,Human Resources,38622
568,Emma Smith,Human Resources,89771
569,Sarah Garcia,Finance,80132
570,Emily Martinez,Digital Marketing,72734
571,James Smith,Human Resources,64130
572,James Taylor,Finance,68319
573,Emma Garcia,Digital Marketing,81555
574,Emma Taylor,Sales,44185
575,David Garcia,Finance,89040
576,Emily Garcia,Digital Marketing,69906
577,Emily Davis,Finance,82128
578,Emma Taylor,Finance,85110
579,Alice Jones,Digital Marketing,93211
580,Emily Jones,Engineering,73328
581,Sarah Miller,Digital Marketing,58219
582,Olivia Garcia,Engineering,88565
583,John Davis,Finance,68023
584,Michael Jackson,Digital Marketing,57494
585,Sarah Garcia,Finance,38992
586,John Jones,Finance,30467
587,Bob Jackson,Finance,97117
588,Emma Johnson,Engineering,61230
589,Alice Brown,Sales,97328
590,Sarah Smith,Digital Marketing,61538
591,Olivia Miller,Human Resources,63778
592,Michael Jones,Digital Marketing,52550
593,Emma Miller,Human Resources,48093
594,Michael Miller,Digital Marketing,72475
595,David Jackson,Human Resources,68333
596,James Martinez,Finance,86522
597,James Jackson,Human Resources,91102
598,Bob Davis,Finance,69026
599,Alice Jackson,Digital Marketing,70052
600,David Davis,Digital Marketing,70035
601,Alice Martinez,Human Resources,66339
602,John Davis,Finance,67502
603,Sarah Brown,Sales,97650
604,Bob Brown,Engineering,38985
605,Emily Davis,Sales,59742
606,John Smith,Digital Marketing,61174
607,Michael Jones,Engineering,39003
608,David Jones,Sales,89677
609,Bob Jackson,Sales,46171
610,Sarah Brown,Engineering,59485
611,Alice Jones,Human Resources,89534
612,Michael Miller,Sales,77976
613,Sarah Jackson,Digital Marketing,69747
614,Bob Brown,Digital Marketing,82084
615,Emma Brown,Human Resources,96947
616,Emily Johnson,Engineering,30922
617,Alice Jackson,Digital Marketing,67074
618,David Miller,Digital Marketing,98324
619,Michael Davis,Digital Marketing,31304
620,Alice Johnson,Human Resources,38597
621,John Garcia,Human Resources,98669
622,David Miller,Human Resources,34994
623,John Martinez,Finance,80048
624,Sarah Davis,Finance,56881
625,Sarah Jackson,Finance,90781
626,Alice Smith,Digital Marketing,97067
627,Michael Brown,Human Resources,76920
628,David Brown,Engineering,64938
629,Emily Davis,Sales,55099
630,Bob Miller,Digital Marketing,48449
631,James Smith,Human Resources,92669
632,Sarah Smith,Engineering,45994
633,Michael Johnson,Finance,31735
634,Michael Brown,Finance,78970
635,Alice Brown,Sales,81817
636,James Jones,Finance,41529
637,Sarah Martinez,Finance,98084
638,Olivia Jones,Digital Marketing,71572
639,John Taylor,Sales,44566
640,David Miller,Sales,85563
641,Alice Johnson,Sales,89972
642,Emma Jackson,Sales,98663
643,David Johnson,Finance,45125
644,Sarah Garcia,Sales,61514
645,Emily Johnson,Digital Marketing,33407
646,Sarah Garcia,Engineering,61050
647,Olivia Brown,Sales,55650
648,John Jones,Digital Marketing,45282
649,John Martinez,Sales,52444
650,James Jones,Finance,86556
651,Bob Jones,Finance,84048
652,John Martinez,Finance,72352
653,Emily Jones,Engineering,62012
654,Bob Brown,Finance,55729
655,David Garcia,Engineering,44454
656,John Miller,Sales,81724
657,Bob Smith,Sales,90346
658,Olivia Johnson,Engineering,94553
659,Olivia Brown,Finance,83415
660,Sarah Jackson,Sales,38674
661,David Johnson,Engineering,59106
662,Sarah Jackson,Digital Marketing,42266
663,David Taylor,Human Resources,70955
664,Bob Smith,Finance,37311
665,Michael Smith,Human Resources,32731
666,David Taylor,Finance,89467
667,Olivia Smith,Finance,99622
668,Emily Johnson,Engineering,33366
669,Bob Smith,Sales,54337
670,David Taylor,Human Resources,52328
671,Olivia Davis,Human Resources,54194
672,John Smith,Sales,85256
673,David Brown,Engineering,80979
674,Michael Jones,Sales,63051
675,Alice Smith,Sales,76253
676,Michael Jones,Digital Marketing,52679
677,John Taylor,Human Resources,88865
678,Emma Jackson,Engineering,76147
679,James Smith,Finance,81827
680,David Taylor,Engineering,62086
681,John Davis,Digital Marketing,60689
682,Bob Taylor,Digital Marketing,42027
683,Olivia Brown,Finance,79756
684,James Garcia,Human Resources,62745
685,Olivia Miller,Sales,73013
686,Emma Garcia,Sales,89378
687,Michael Davis,Sales,68846
688,John Johnson,Engineering,53341
689,Olivia Johnson,Digital Marketing,66586
690,Sarah Garcia,Sales,70817
691,Sarah Martinez,Human Resources,78177
692,Michael Johnson,Engineering,89964
693,James Garcia,Finance,55950
694,Olivia Johnson,Digital Marketing,82694
695,Olivia Miller,Sales,62533
696,Sarah Garcia,Finance,90539
697,Emma Jones,Human Resources,90553
698,Emily Johnson,Digital Marketing,76077
699,Bob Garcia,Engineering,97004
700,Michael Jones,Digital Marketing,54577
701,Sarah Brown,Engineering,37045
702,James Smith,Human Resources,72391
703,Emma Smith,Digital Marketing,66891
704,Emily Smith,Engineering,50593
705,Emma Brown,Sales,49978
706,David Davis,Engineering,80824
707,Olivia Brown,Finance,79134
708,Michael Brown,Human Resources,73412
709,Olivia Taylor,Engineering,83879
710,Olivia Davis,Digital Marketing,55248
711,Olivia Smith,Sales,77915
712,Alice Miller,Human Resources,91583
713,Olivia Garcia,Digital Marketing,63846
714,Emma Davis,Digital Marketing,85925
715,Sarah Miller,Human Resources,35264
716,Olivia Taylor,Digital Marketing,87293
717,Michael Johnson,Engineering,50857
718,Bob Taylor,Digital Marketing,63993
719,James Miller,Engineering,60530
720,John Jones,Engineering,79744
721,Michael Davis,Finance,59710
722,James Smith,Digital Marketing,34297
723,Emma Davis,Digital Marketing,80545
724,David Martinez,Human Resources,82130
725,Michael Taylor,Finance,58803
726,Emily Davis,Sales,45575
727,David Brown,Engineering,36913
728,John Johnson,Engineering,45920
729,Emma Johnson,Human Resources,31928
730,Emily Garcia,Sales,68038
731,Emma Miller,Finance,58427
732,Olivia Taylor,Human Resources,42101
733,James Martinez,Engineering,95475
734,David Johnson,Engineering,43689
735,Bob Martinez,Engineering,48665
736,Olivia Brown,Engineering,39649
737,James Garcia,Engineering,79986
738,Michael Jones,Finance,55458
739,Bob Brown,Engineering,38381
740,Emma Miller,Digital Marketing,60717
741,Emma Jones,Digital Marketing,40582
742,Olivia Martinez,Engineering,96423
743,David Davis,Human Resources,82008
744,James Jones,Digital Marketing,70927
745,James Miller,Human Resources,74048
746,Alice Johnson,Sales,57378
747,John Smith,Sales,54600
748,Emily Smith,Digital Marketing,66843
749,Michael Miller,Digital Marketing,88188
750,James Smith,Human Resources,82101
751,Bob Garcia,Finance,99810
752,James Taylor,Engineering,93565
753,John Smith,Human Resources,88726
754,Alice Davis,Human Resources,48354
755,Olivia Taylor,Sales,46964
756,Emma Jones,Human Resources,98770
757,James Miller,Engineering,32890
758,David Davis,Digital Marketing,61479
759,Bob Taylor,Sales,91540
760,Emma Miller,Engineering,37729
761,Sarah Jones,Human Resources,97877
762,David Smith,Finance,69255
763,James Miller,Engineering,89761
764,Emma Martinez,Digital Marketing,68765
765,Olivia Jackson,Engineering,82800
766,Bob Davis,Sales,86143
767,Olivia Martinez,Finance,57082
768,Sarah Garcia,Digital Marketing,65823
769,Emma Jackson,Digital Marketing,53836
770,David Davis,Engineering,60266
771,Bob Davis,Sales,67297
772,Sarah Garcia,Digital Marketing,95039
773,Emma Brown,Sales,60136
774,Emily Brown,Digital Marketing,66059
775,John Garcia,Engineering,34978
776,Emily Miller,Sales,55301
777,Sarah Davis,Sales,37442
778,Michael Jackson,Human Resources,92990
779,Emma Johnson,Digital Marketing,39969
780,James Smith,Engineering,80826
781,David Jones,Human Resources,33489
782,Sarah Miller,Sales,63820
783,Bob Martinez,Finance,59675
784,Alice Johnson,Sales,53617
785,Michael Davis,Digital Marketing,93870
786,Michael Davis,Sales,37187
787,David Jones,Human Resources,85630
788,Michael Taylor,Human Resources,41021
789,Alice Jackson,Finance,30138
790,David Johnson,Human Resources,35995
791,Bob Taylor,Sales,78109
792,Alice Garcia,Human Resources,40522
793,Emma Brown,Human Resources,52752
794,Alice Taylor,Finance,84056
795,John Davis,Sales,86273
796,Emma Garcia,Finance,48811
797,Emma Jackson,Human Resources,70356
798,Michael Brown,Sales,92945
799,Alice Davis,Engineering,63126
800,Alice Martinez,Sales,46419
801,Alice Martinez,Finance,50658
802,Alice Miller,Finance,80246
803,John Taylor,Digital Marketing,61408
804,Olivia Martinez,Engineering,73760
805,James Martinez,Finance,85795
806,Olivia Miller,Human Resources,84288
807,Michael Brown,Engineering,35998
808,David Smith,Digital Marketing,92571
809,Olivia Smith,Digital Marketing,69473
810,James Jones,Human Resources,49910
811,Alice Davis,Sales,37863
812,Emma Jones,Sales,64947
813,Emily Brown,Finance,72347
814,James Davis,Sales,95401
815,Olivia Jackson,Finance,77953
816,Sarah Miller,Finance,39396
817,Emily Miller,Engineering,80393
818,Emily Jackson,Digital Marketing,51721
819,Emily Jones,Human Resources,53277
820,David Jones,Engineering,35408
821,Emma Davis,Sales,77366
822,Bob Miller,Finance,92181
823,Emma Smith,Finance,39167
824,John Martinez,Engineering,78933
825,Olivia Martinez,Digital Marketing,97639
826,Bob Jones,Sales,85401
827,Alice Miller,Finance,43087
828,Alice Martinez,Engineering,64498
829,Emily Jones,Human Resources,46215
830,Emma Brown,Finance,92362
831,James Garcia,Digital Marketing,37388
832,Olivia Davis,Sales,36347
833,David Brown,Digital Marketing,61825
834,Sarah Brown,Engineering,95274
835,Michael Taylor,Human Resources,36640
836,Alice Jones,Human Resources,40910
837,Emma Smith,Digital Marketing,62955
838,John Garcia,Finance,49596
839,Emily Taylor,Human Resources,57234
840,Bob Smith,Finance,96036
841,Olivia Garcia,Engineering,58245
842,Olivia Martinez,Digital Marketing,88884
843,James Smith,Human Resources,44644
844,Alice Martinez,Finance,31838
845,Bob Martinez,Digital Marketing,40380
846,John Garcia,Finance,33975
847,Michael Miller,Finance,61299
848,Alice Taylor,Engineering,49914
849,Olivia Smith,Human Resources,99651
850,Emma Smith,Digital Marketing,92794
851,John Taylor,Digital Marketing,88194
852,John Jackson,Engineering,69479
853,Emma Garcia,Engineering,97422
854,Emma Martinez,Sales,31386
855,Olivia Taylor,Digital Marketing,40912
856,Emma Miller,Engineering,64472
857,James Johnson,Digital Marketing,45882
858,James Taylor,Sales,71979
859,Sarah Smith,Digital Marketing,76696
860,Sarah Jones,Finance,96240
861,Emma Miller,Engineering,39189
862,Sarah Jackson,Sales,40290
863,Emma Davis,Sales,34351
864,Bob Taylor,Engineering,75060
865,Emily Davis,Sales,97186
866,John Taylor,Digital Marketing,91407
867,David Jackson,Engineering,94189
868,Michael Brown,Finance,74182
869,Olivia Johnson,Human Resources,97614
870,Sarah Johnson,Engineering,43710
871,Bob Smith,Sales,76639
872,Alice Taylor,Digital Marketing,51518
873,Michael Brown,Finance,36297
874,Emily Garcia,Finance,93805
875,Alice Brown,Digital Marketing,90227
876,Michael Jackson,Finance,66333
877,David Jones,Sales,92075
878,Emma Smith,Human Resources,83380
879,David Johnson,Finance,56009
880,Emma Davis,Finance,73896
881,Emma Jones,Digital Marketing,88289
882,Bob Brown,Digital Marketing,30860
883,John Davis,Human Resources,56462
884,Emily Garcia,Engineering,53160
885,Alice Miller,Digital Marketing,87918
886,David Jackson,Sales,80315
887,John Miller,Sales,39243
888,Sarah Taylor,Engineering,57749
889,Sarah Davis,Digital Marketing,85935
890,Bob Martinez,Engineering,53989
891,Emily Davis,Finance,38923
892,David Brown,Digital Marketing,30536
893,John Miller,Engineering,79838
894,James Garcia,Digital Marketing,52598
895,Bob Smith,Human Resources,86157
896,Alice Garcia,Sales,80797
897,Sarah Smith,Sales,72346
898,James Davis,Human Resources,56511
899,Emily Smith,Digital Marketing,55170
900,Alice Taylor,Human Resources,79241
901,Sarah Brown,Digital Marketing,32118
902,David Martinez,Digital Marketing,97837
903,John Smith,Digital Marketing,55379
904,James Brown,Digital Marketing,89567
905,John Smith,Finance,81548
906,Emily Martinez,Finance,41253
907,Emily Jones,Sales,67970
908,Olivia Johnson,Sales,59617
909,Alice Jackson,Engineering,66137
910,David Jackson,Finance,59445
911,Michael Davis,Human Resources,91474
912,Bob Brown,Human Resources,74012
913,Alice Miller,Sales,41756
914,Olivia Jackson,Human Resources,83488
915,James Jones,Human Resources,95517
916,Emily Jackson,Engineering,31974
917,Emily Jackson,Sales,94794
918,James Martinez,Digital Marketing,33187
919,Emily Smith,Digital Marketing,66080
920,John Davis,Sales,73932
921,David Miller,Human Resources,44468
922,Emily Taylor,Sales,36718
923,Emma Johnson,Digital Marketing,73842
924,Emma Davis,Human Resources,30659
925,Emma Miller,Sales,96892
926,Bob Davis,Human Resources,75261
927,David Garcia,Digital Marketing,66341
928,Olivia Smith,Sales,79161
929,Emma Smith,Sales,30302
930,Emily Johnson,Finance,93186
931,Emma Davis,Finance,73077
932,Sarah Martinez,Human Resources,79166
933,Bob Smith,Human Resources,40894
934,Alice Taylor,Finance,82941
935,Bob Garcia,Human Resources,53049
936,James Smith,Digital Marketing,66054
937,David Davis,Engineering,97422
938,Emma Brown,Finance,60596
939,Bob Miller,Human Resources,74057
940,James Miller,Engineering,99908
941,Michael Jackson,Human Resources,45970
942,Alice Jackson,Finance,88540
943,James Taylor,Digital Marketing,43408
944,Emma Brown,Engineering,60591
945,Sarah Miller,Sales,95124
946,Alice Smith,Finance,87478
947,Olivia Jones,Finance,84993
948,David Jackson,Human Resources,83790
949,Michael Davis,Engineering,58624
950,James Johnson,Human Resources,30427
951,Sarah Jackson,Finance,98925
952,Bob Miller,Finance,89274
953,Emma Smith,Digital Marketing,61640
954,Bob Brown,Finance,65784
955,Michael Miller,Digital Marketing,95248
956,James Brown,Sales,86220
957,Emma Jones,Digital Marketing,98808
958,Alice Jones,Finance,92095
959,Alice Johnson,Finance,48997
960,Michael Brown,Engineering,44638
961,Alice Smith,Digital Marketing,81445
962,John Martinez,Engineering,46825
963,David Miller,Sales,40850
964,Sarah Jackson,Digital Marketing,89311
965,Emily Johnson,Digital Marketing,34860
966,Bob Martinez,Finance,95447
967,Alice Taylor,Human Resources,40489
968,Sarah Brown,Finance,64933
969,Bob Brown,Digital Marketing,32463
970,David Jackson,Human Resources,30001
971,Alice Smith,Human Resources,86838
972,Sarah Taylor,Engineering,91214
973,Michael Smith,Human Resources,85268
974,John Smith,Sales,86084
975,James Brown,Digital Marketing,75976
976,Alice Jackson,Digital Marketing,93420
977,Bob Smith,Engineering,56055
978,Olivia Martinez,Sales,50181
979,John Smith,Finance,81615
980,James Davis,Finance,66636
981,Sarah Brown,Finance,78725
982,David Taylor,Engineering,33255
983,Olivia Martinez,Digital Marketing,40700
984,Alice Taylor,Sales,88210
985,Emma Martinez,Human Resources,60690
986,Sarah Taylor,Engineering,39372
987,Emily Brown,Digital Marketing,32239
988,James Smith,Sales,51124
989,Emily Jones,Engineering,45588
990,David Miller,Digital Marketing,99500
991,Emma Taylor,Human Resources,92271
992,Emily Taylor,Human Resources,83781
993,Olivia Brown,Finance,40579
994,Sarah Miller,Human Resources,97997
995,Olivia Brown,Engineering,87939
996,Sarah Garcia,Digital Marketing,39164
997,Michael Brown,Finance,43641
998,Olivia Jackson,Sales,36180
999,Olivia Johnson,Human Resources,60700
1000,Sarah Garcia,Sales,52346
